{"stat.walkOneCm":125299,"stat.useItem.minecraft.stone":21,"stat.leaveGame":3,"stat.useItem.minecraft.bedrock":1,"stat.jump":2255,"stat.fallOneCm":98676,"stat.pickup.minecraft.beef":1,"stat.crouchOneCm":26617,"stat.useItem.minecraft.dirt":70,"stat.sprintOneCm":266666,"stat.useItem.minecraft.concrete":1450,"stat.pickup.minecraft.gold_ingot":380,"stat.killEntity.Horse":1,"stat.useItem.minecraft.barrier":5,"stat.useItem.minecraft.egg":2,"stat.damageTaken":5760,"stat.pickup.minecraft.leather":2,"stat.drop.minecraft.concrete":2,"stat.mobKills":2,"stat.useItem.minecraft.slime":1,"stat.flyOneCm":3186750,"stat.deaths":74,"stat.pickup.minecraft.concrete":2,"stat.drop":3,"stat.pickup.minecraft.egg":2,"stat.playOneMinute":212064,"stat.sneakTime":14849,"stat.drop.minecraft.gold_ingot":1,"stat.damageDealt":520,"stat.useItem.minecraft.wool":12,"stat.timeSinceDeath":49679,"stat.killEntity.Cow":1,"stat.useItem.minecraft.spawn_egg":2}