{"stat.useItem.minecraft.command_block":81,"stat.walkOneCm":181866,"stat.useItem.minecraft.chain_command_block":6,"stat.useItem.minecraft.repeater":77,"stat.leaveGame":2,"stat.useItem.minecraft.repeating_command_block":13,"stat.pickup.minecraft.wooden_button":3,"stat.jump":1078,"stat.useItem.minecraft.redstone_block":2,"stat.useItem.minecraft.redstone":17,"stat.crouchOneCm":9643,"stat.useItem.minecraft.dirt":31,"stat.pickup.minecraft.painting":1,"stat.sprintOneCm":130141,"stat.useItem.minecraft.concrete":648,"stat.pickup.minecraft.gold_ingot":4,"stat.pickup.minecraft.grass":1,"stat.useItem.minecraft.wooden_button":8,"stat.useItem.minecraft.iron_ore":2,"stat.drop.minecraft.concrete":2,"stat.flyOneCm":1100102,"stat.pickup.minecraft.concrete":1,"stat.drop":3,"stat.playOneMinute":142532,"stat.sneakTime":4694,"stat.timeSinceDeath":142532,"stat.useItem.minecraft.sign":23,"stat.drop.minecraft.grass":1}