{"stats":{"minecraft:used":{"minecraft:oak_log":9,"securitycraft:keypad":1,"securitycraft:keypad_item":1,"securitycraft:door_indestructible_iron_item":2},"minecraft:picked_up":{"minecraft:oak_log":2},"minecraft:custom":{"minecraft:jump":70,"minecraft:time_since_rest":6925,"minecraft:crouch_one_cm":1229,"minecraft:leave_game":2,"minecraft:play_time":6925,"minecraft:sprint_one_cm":9073,"minecraft:time_since_death":6925,"minecraft:walk_one_cm":10065,"minecraft:sneak_time":633,"minecraft:total_world_time":6925,"minecraft:fall_one_cm":2090,"minecraft:fly_one_cm":9970},"minecraft:mined":{"minecraft:oak_log":2}},"DataVersion":3465}