{"stats":{"minecraft:used":{"minecraft:oak_log":9,"securitycraft:keypad":1,"securitycraft:door_indestructible_iron_item":2,"securitycraft:keypad_item":1},"minecraft:custom":{"minecraft:jump":101,"minecraft:time_since_rest":8633,"minecraft:walk_on_water_one_cm":76,"minecraft:leave_game":3,"minecraft:crouch_one_cm":2472,"minecraft:play_time":8633,"minecraft:sprint_one_cm":14358,"minecraft:time_since_death":8633,"minecraft:walk_one_cm":15178,"minecraft:sneak_time":845,"minecraft:total_world_time":8633,"minecraft:walk_under_water_one_cm":80,"minecraft:swim_one_cm":908,"minecraft:fall_one_cm":3404,"minecraft:fly_one_cm":14385},"minecraft:picked_up":{"minecraft:oak_log":2},"minecraft:mined":{"minecraft:oak_log":2}},"DataVersion":3465}